FishID,FishName,SaleDate,Year,Month,Quarter,QuantitySold,Revenue,Profit,InventoryQuantity,Price,Low_Sales,Discounted_Price
778,Cá Buồm Vàng - Rouw Tetra,2025-01-01,2025,1,1,0.053303218520609826,0.03109508787742226,0.01061530853492484,0.053303218520609826,0.002247191011235954,False,0.002247191011235954
778,Cá Buồm Vàng - Rouw Tetra,2025-01-01,2025,1,1,0.053303218520609826,0.03109508787742226,0.012760499581123222,0.053303218520609826,0.002247191011235954,False,0.002247191011235954
778,Cá Buồm Vàng - Rouw Tetra,2025-01-01,2025,1,1,0.053303218520609826,0.03109508787742226,0.023486454812115136,0.053303218520609826,0.002247191011235954,False,0.002247191011235954
779,Cá Cánh Buồm - Rouw Tetra,2025-01-01,2025,1,1,0.04901185770750988,0.02858901504742853,0.015677959403953022,0.04901185770750988,0.002247191011235954,False,0.002247191011235954
779,Cá Cánh Buồm - Rouw Tetra,2025-01-01,2025,1,1,0.04901185770750988,0.02858901504742853,0.029492989741470608,0.04901185770750988,0.002247191011235954,False,0.002247191011235954
779,Cá Cánh Buồm - Rouw Tetra,2025-01-01,2025,1,1,0.04901185770750988,0.02858901504742853,0.02653262609771684,0.04901185770750988,0.002247191011235954,False,0.002247191011235954
781,Cá Hắc Kỳ - Black Phantom Tetra,2025-01-01,2025,1,1,0.04257481648785996,0.03318348190241704,0.025059594912660618,0.04257481648785996,0.006741573033707864,False,0.006741573033707864
781,Cá Hắc Kỳ - Black Phantom Tetra,2025-01-01,2025,1,1,0.04257481648785996,0.03318348190241704,0.011330372216990967,0.04257481648785996,0.006741573033707864,False,0.006741573033707864
781,Cá Hắc Kỳ - Black Phantom Tetra,2025-01-01,2025,1,1,0.04257481648785996,0.03318348190241704,0.0193390854561316,0.04257481648785996,0.006741573033707864,False,0.006741573033707864
782,Cá Hồng Nhung - Serpae Tetra,2025-01-01,2025,1,1,0.0458498023715415,0.026742435067433144,0.02205482205075748,0.0458498023715415,0.002247191011235954,False,0.002247191011235954
782,Cá Hồng Nhung - Serpae Tetra,2025-01-01,2025,1,1,0.0458498023715415,0.026742435067433144,0.010972087677345203,0.0458498023715415,0.002247191011235954,False,0.002247191011235954
782,Cá Hồng Nhung - Serpae Tetra,2025-01-01,2025,1,1,0.0458498023715415,0.026742435067433144,0.010048526479560846,0.0458498023715415,0.002247191011235954,False,0.002247191011235954
784,Cá Kim Tơ - Emerald White Cloud Mountain,2025-01-01,2025,1,1,0.008469791078486732,0.010914606667472715,0.009048190023280969,0.008469791078486732,0.01797752808988764,True,0.017078651685393256
784,Cá Kim Tơ - Emerald White Cloud Mountain,2025-01-01,2025,1,1,0.008469791078486732,0.010914606667472715,0.004850389860246449,0.008469791078486732,0.01797752808988764,True,0.017078651685393256
784,Cá Kim Tơ - Emerald White Cloud Mountain,2025-01-01,2025,1,1,0.008469791078486732,0.010914606667472715,0.004087153466967445,0.008469791078486732,0.01797752808988764,True,0.017078651685393256
793,Cá Neon Vua - Cardinal Tetra,2025-01-01,2025,1,1,0.7907396950875212,0.6157354994009607,0.5271547315011144,0.7907396950875212,0.006741573033707864,False,0.006741573033707864
793,Cá Neon Vua - Cardinal Tetra,2025-01-01,2025,1,1,0.7907396950875212,0.6157354994009607,0.40061104073379084,0.7907396950875212,0.006741573033707864,False,0.006741573033707864
793,Cá Neon Vua - Cardinal Tetra,2025-01-01,2025,1,1,0.7907396950875212,0.6157354994009607,0.5482453466290017,0.7907396950875212,0.006741573033707864,False,0.006741573033707864
794,Cá Neon Xanh - Neon Tetra,2025-01-01,2025,1,1,0.08458498023715416,0.057628683542355924,0.03356810003063484,0.08458498023715416,0.004494382022471911,False,0.004494382022471911
794,Cá Neon Xanh - Neon Tetra,2025-01-01,2025,1,1,0.08458498023715416,0.057628683542355924,0.049416922019671024,0.08458498023715416,0.004494382022471911,False,0.004494382022471911
794,Cá Neon Xanh - Neon Tetra,2025-01-01,2025,1,1,0.08458498023715416,0.057628683542355924,0.053379127516930074,0.08458498023715416,0.004494382022471911,False,0.004494382022471911
798,Cá Sóc Đầu Đỏ - Rummy Nose Tetra,2025-01-01,2025,1,1,1.0,0.9734004550500664,1.0000000000000002,1.0,0.011235955056179775,False,0.011235955056179775
798,Cá Sóc Đầu Đỏ - Rummy Nose Tetra,2025-01-01,2025,1,1,1.0,0.9734004550500664,0.466607655095431,1.0,0.011235955056179775,False,0.011235955056179775
798,Cá Sóc Đầu Đỏ - Rummy Nose Tetra,2025-01-01,2025,1,1,1.0,0.9734004550500664,0.8999889353303934,1.0,0.011235955056179775,False,0.011235955056179775
802,Cá Trâm Xanh - Rasbora  Kubotai,2025-01-01,2025,1,1,0.05341614906832298,0.20904824190197738,0.20052869550556135,0.05341614906832298,0.07865168539325842,False,0.07865168539325842
802,Cá Trâm Xanh - Rasbora  Kubotai,2025-01-01,2025,1,1,0.05341614906832298,0.20904824190197738,0.08587764281891654,0.05341614906832298,0.07865168539325842,False,0.07865168539325842
802,Cá Trâm Xanh - Rasbora  Kubotai,2025-01-01,2025,1,1,0.05341614906832298,0.20904824190197738,0.12887178757640833,0.05341614906832298,0.07865168539325842,False,0.07865168539325842
808,Neon Gấu Trúc - Paraguayensis Tetra,2025-01-01,2025,1,1,0.024392998306041785,0.06716934677233208,0.057583701967478904,0.024392998306041785,0.05168539325842697,True,0.04910112359550562
808,Neon Gấu Trúc - Paraguayensis Tetra,2025-01-01,2025,1,1,0.024392998306041785,0.06716934677233208,0.06450702380710444,0.024392998306041785,0.05168539325842697,True,0.04910112359550562
808,Neon Gấu Trúc - Paraguayensis Tetra,2025-01-01,2025,1,1,0.024392998306041785,0.06716934677233208,0.062199249860562585,0.024392998306041785,0.05168539325842697,True,0.04910112359550562
810,Neon Rubi -  Rubi Tetra,2025-01-01,2025,1,1,0.016487859966120833,0.048901394827377744,0.04531095108738605,0.016487859966120833,0.056179775280898875,True,0.05337078651685393
810,Neon Rubi -  Rubi Tetra,2025-01-01,2025,1,1,0.016487859966120833,0.048901394827377744,0.018394448697191607,0.016487859966120833,0.056179775280898875,True,0.05337078651685393
810,Neon Rubi -  Rubi Tetra,2025-01-01,2025,1,1,0.016487859966120833,0.048901394827377744,0.04867551388616036,0.016487859966120833,0.056179775280898875,True,0.05337078651685393
813,Trâm Kalochroma - Rasbora Kalochroma,2025-01-01,2025,1,1,0.01727837380011293,0.07692984095230768,0.05801274017671858,0.01727837380011293,0.0898876404494382,True,0.08539325842696628
813,Trâm Kalochroma - Rasbora Kalochroma,2025-01-01,2025,1,1,0.01727837380011293,0.07692984095230768,0.05008682378497508,0.01727837380011293,0.0898876404494382,True,0.08539325842696628
813,Trâm Kalochroma - Rasbora Kalochroma,2025-01-01,2025,1,1,0.01727837380011293,0.07692984095230768,0.05008682378497508,0.01727837380011293,0.0898876404494382,True,0.08539325842696628
817,Cá Dĩa Bồ Câu Đỏ - Pigeon Red Discus,2025-01-01,2025,1,1,0.010163749294184078,0.1633234043020917,0.1398912952663537,0.010163749294184078,0.348314606741573,True,0.33089887640449434
817,Cá Dĩa Bồ Câu Đỏ - Pigeon Red Discus,2025-01-01,2025,1,1,0.010163749294184078,0.1633234043020917,0.05589013008890124,0.010163749294184078,0.348314606741573,True,0.33089887640449434
817,Cá Dĩa Bồ Câu Đỏ - Pigeon Red Discus,2025-01-01,2025,1,1,0.010163749294184078,0.1633234043020917,0.08949059615988222,0.010163749294184078,0.348314606741573,True,0.33089887640449434
819,Cá Dĩa Bồ Câu Vàng - Pigeon  Yellow Discus,2025-01-01,2025,1,1,0.00790513833992095,0.1281504523021796,0.10978335075830623,0.00790513833992095,0.348314606741573,True,0.33089887640449434
819,Cá Dĩa Bồ Câu Vàng - Pigeon  Yellow Discus,2025-01-01,2025,1,1,0.00790513833992095,0.1281504523021796,0.08340879136925664,0.00790513833992095,0.348314606741573,True,0.33089887640449434
819,Cá Dĩa Bồ Câu Vàng - Pigeon  Yellow Discus,2025-01-01,2025,1,1,0.00790513833992095,0.1281504523021796,0.0658257517765569,0.00790513833992095,0.348314606741573,True,0.33089887640449434
820,Cá Dĩa Bông Đỏ - Red Spotted Discus,2025-01-01,2025,1,1,0.000564652738565782,0.013838358302465404,0.010487349770765639,0.000564652738565782,0.348314606741573,True,0.33089887640449434
820,Cá Dĩa Bông Đỏ - Red Spotted Discus,2025-01-01,2025,1,1,0.000564652738565782,0.013838358302465404,0.014341166667795715,0.000564652738565782,0.348314606741573,True,0.33089887640449434
820,Cá Dĩa Bông Đỏ - Red Spotted Discus,2025-01-01,2025,1,1,0.000564652738565782,0.013838358302465404,0.0133777124435382,0.000564652738565782,0.348314606741573,True,0.33089887640449434
823,Cá Dĩa Hoa Hồng - Pink Rose Red,2025-01-01,2025,1,1,0.0088085827216262,0.14221963310214444,0.09256160649970308,0.0088085827216262,0.348314606741573,True,0.33089887640449434
823,Cá Dĩa Hoa Hồng - Pink Rose Red,2025-01-01,2025,1,1,0.0088085827216262,0.14221963310214444,0.12182652856152522,0.0088085827216262,0.348314606741573,True,0.33089887640449434
823,Cá Dĩa Hoa Hồng - Pink Rose Red,2025-01-01,2025,1,1,0.0088085827216262,0.14221963310214444,0.09256160649970308,0.0088085827216262,0.348314606741573,True,0.33089887640449434
825,Cá Dĩa Lam Đức - Blue Diamond Discus,2025-01-01,2025,1,1,0.009373235460191982,0.15101287110212247,0.13453208114392123,0.009373235460191982,0.348314606741573,True,0.33089887640449434
825,Cá Dĩa Lam Đức - Blue Diamond Discus,2025-01-01,2025,1,1,0.009373235460191982,0.15101287110212247,0.10863924886700042,0.009373235460191982,0.348314606741573,True,0.33089887640449434
825,Cá Dĩa Lam Đức - Blue Diamond Discus,2025-01-01,2025,1,1,0.009373235460191982,0.15101287110212247,0.15006778051007372,0.009373235460191982,0.348314606741573,True,0.33089887640449434
826,Cá Dĩa Man Đỏ - Manrlboro Red Discus,2025-01-01,2025,1,1,0.00790513833992095,0.1281504523021796,0.06142999187838198,0.00790513833992095,0.348314606741573,True,0.33089887640449434
826,Cá Dĩa Man Đỏ - Manrlboro Red Discus,2025-01-01,2025,1,1,0.00790513833992095,0.1281504523021796,0.13176215024918086,0.00790513833992095,0.348314606741573,True,0.33089887640449434
826,Cá Dĩa Man Đỏ - Manrlboro Red Discus,2025-01-01,2025,1,1,0.00790513833992095,0.1281504523021796,0.04824271218385717,0.00790513833992095,0.348314606741573,True,0.33089887640449434
827,Cá Dĩa Man Vàng - Marlboro Yellow Discus,2025-01-01,2025,1,1,0.005533596837944664,0.15409050440211478,0.1267040155718289,0.005533596837944664,0.595505617977528,True,0.5657303370786516
827,Cá Dĩa Man Vàng - Marlboro Yellow Discus,2025-01-01,2025,1,1,0.005533596837944664,0.15409050440211478,0.12142007131066658,0.005533596837944664,0.595505617977528,True,0.5657303370786516
827,Cá Dĩa Man Vàng - Marlboro Yellow Discus,2025-01-01,2025,1,1,0.005533596837944664,0.15409050440211478,0.11085218278834191,0.005533596837944664,0.595505617977528,True,0.5657303370786516
833,Cá Dĩa Lam Mắt Đỏ - Platinum Albino Discus,2025-01-01,2025,1,1,0.010954263128176172,0.49438881500126397,0.4232823229483506,0.010954263128176172,1.0,False,1.0
833,Cá Dĩa Lam Mắt Đỏ - Platinum Albino Discus,2025-01-01,2025,1,1,0.010954263128176172,0.49438881500126397,0.3894108853767972,0.010954263128176172,1.0,False,1.0
833,Cá Dĩa Lam Mắt Đỏ - Platinum Albino Discus,2025-01-01,2025,1,1,0.010954263128176172,0.49438881500126397,0.5079609168772341,0.010954263128176172,1.0,False,1.0
834,Cá Dĩa Vàng Mắt Đỏ - Manrlboro Yellow Albino,2025-01-01,2025,1,1,0.01072840203274986,0.4844964222512887,0.46460547678564584,0.01072840203274986,1.0,False,1.0
834,Cá Dĩa Vàng Mắt Đỏ - Manrlboro Yellow Albino,2025-01-01,2025,1,1,0.01072840203274986,0.4844964222512887,0.3650234503252787,0.01072840203274986,1.0,False,1.0
834,Cá Dĩa Vàng Mắt Đỏ - Manrlboro Yellow Albino,2025-01-01,2025,1,1,0.01072840203274986,0.4844964222512887,0.46460547678564584,0.01072840203274986,1.0,False,1.0
839,Cá Chim Dơi Đen - Monodactylus Sebae,2025-01-01,2025,1,1,0.016149068322981366,0.19234108970201913,0.12516851040191848,0.016149068322981366,0.2584269662921348,False,0.2584269662921348
839,Cá Chim Dơi Đen - Monodactylus Sebae,2025-01-01,2025,1,1,0.016149068322981366,0.19234108970201913,0.1185748705546561,0.016149068322981366,0.2584269662921348,False,0.2584269662921348
839,Cá Chim Dơi Đen - Monodactylus Sebae,2025-01-01,2025,1,1,0.016149068322981366,0.19234108970201913,0.0658257517765569,0.016149068322981366,0.2584269662921348,False,0.2584269662921348
840,Cá Chim Dơi Vàng - Monodactylus Argenteus,2025-01-01,2025,1,1,0.05138339920948617,0.6038646281009904,0.5790457738607343,0.05138339920948617,0.2584269662921348,False,0.2584269662921348
840,Cá Chim Dơi Vàng - Monodactylus Argenteus,2025-01-01,2025,1,1,0.05138339920948617,0.6038646281009904,0.4135725108445053,0.05138339920948617,0.2584269662921348,False,0.2584269662921348
840,Cá Chim Dơi Vàng - Monodactylus Argenteus,2025-01-01,2025,1,1,0.05138339920948617,0.6038646281009904,0.6204140896147915,0.05138339920948617,0.2584269662921348,False,0.2584269662921348
841,Cá Ông Tiên Koi - Angels Koi Fish,2025-01-01,2025,1,1,0.011293054771315642,0.02241176535244397,0.014619665154495155,0.011293054771315642,0.033707865168539325,True,0.03202247191011236
841,Cá Ông Tiên Koi - Angels Koi Fish,2025-01-01,2025,1,1,0.011293054771315642,0.02241176535244397,0.023147740436399604,0.011293054771315642,0.033707865168539325,True,0.03202247191011236
841,Cá Ông Tiên Koi - Angels Koi Fish,2025-01-01,2025,1,1,0.011293054771315642,0.02241176535244397,0.020046622152070714,0.011293054771315642,0.033707865168539325,True,0.03202247191011236
847,Cá Ông Tiên Vàng Kim Sa - Angels Fish,2025-01-01,2025,1,1,0.0003387916431394692,0.0010881632024972794,0.0012442108067950621,0.0003387916431394692,0.033707865168539325,True,0.03202247191011236
847,Cá Ông Tiên Vàng Kim Sa - Angels Fish,2025-01-01,2025,1,1,0.0003387916431394692,0.0010881632024972794,0.001199048890032991,0.0003387916431394692,0.033707865168539325,True,0.03202247191011236
847,Cá Ông Tiên Vàng Kim Sa - Angels Fish,2025-01-01,2025,1,1,0.0003387916431394692,0.0010881632024972794,0.00034097247155363765,0.0003387916431394692,0.033707865168539325,True,0.03202247191011236
854,Ông Tiên Clown - Clown Angel Fish,2025-01-01,2025,1,1,0.04178430265386787,0.4507523714263731,0.37048804225348936,0.04178430265386787,0.23595505617977527,False,0.23595505617977527
854,Ông Tiên Clown - Clown Angel Fish,2025-01-01,2025,1,1,0.04178430265386787,0.4507523714263731,0.15430547369958142,0.04178430265386787,0.23595505617977527,False,0.23595505617977527
854,Ông Tiên Clown - Clown Angel Fish,2025-01-01,2025,1,1,0.04178430265386787,0.4507523714263731,0.20063030981827598,0.04178430265386787,0.23595505617977527,False,0.23595505617977527
855,Ông Tiên Manacapuru Rio - Manacapuru Fish,2025-01-01,2025,1,1,0.030604178430265385,0.6623396608008442,0.4763024132270222,0.030604178430265385,0.4831460674157303,False,0.4831460674157303
855,Ông Tiên Manacapuru Rio - Manacapuru Fish,2025-01-01,2025,1,1,0.030604178430265385,0.6623396608008442,0.3174980599193258,0.030604178430265385,0.4831460674157303,False,0.4831460674157303
855,Ông Tiên Manacapuru Rio - Manacapuru Fish,2025-01-01,2025,1,1,0.030604178430265385,0.6623396608008442,0.5216750856006498,0.030604178430265385,0.4831460674157303,False,0.4831460674157303
857,Ông Tiên Red Back -  Red Back Amapa Angelfish,2025-01-01,2025,1,1,0.040654997176736304,0.9573527957001067,0.9179407972433168,0.040654997176736304,0.5280898876404494,False,0.5280898876404494
857,Ông Tiên Red Back -  Red Back Amapa Angelfish,2025-01-01,2025,1,1,0.040654997176736304,0.9573527957001067,0.557277729981416,0.040654997176736304,0.5280898876404494,False,0.5280898876404494
857,Ông Tiên Red Back -  Red Back Amapa Angelfish,2025-01-01,2025,1,1,0.040654997176736304,0.9573527957001067,0.8195781425355255,0.040654997176736304,0.5280898876404494,False,0.5280898876404494
861,Cá Chuột Cafe - Aeneus Cory Green,2025-01-01,2025,1,1,0.023150762281197064,0.02263159630244342,0.011631451662071442,0.023150762281197064,0.011235955056179775,True,0.010674157303370785
861,Cá Chuột Cafe - Aeneus Cory Green,2025-01-01,2025,1,1,0.023150762281197064,0.02263159630244342,0.008500225433234504,0.023150762281197064,0.011235955056179775,True,0.010674157303370785
861,Cá Chuột Cafe - Aeneus Cory Green,2025-01-01,2025,1,1,0.023150762281197064,0.02263159630244342,0.013979871333699146,0.023150762281197064,0.011235955056179775,True,0.010674157303370785
863,Cá Chuột Cafe Đuôi Dài - Aeneus Cory Green Long Tail,2025-01-01,2025,1,1,0.04336533032185206,0.06357511073984107,0.026105845984315267,0.04336533032185206,0.02247191011235955,False,0.02247191011235955
863,Cá Chuột Cafe Đuôi Dài - Aeneus Cory Green Long Tail,2025-01-01,2025,1,1,0.04336533032185206,0.06357511073984107,0.04139880004787163,0.04336533032185206,0.02247191011235955,False,0.02247191011235955
863,Cá Chuột Cafe Đuôi Dài - Aeneus Cory Green Long Tail,2025-01-01,2025,1,1,0.04336533032185206,0.06357511073984107,0.04576821549460202,0.04336533032185206,0.02247191011235955,False,0.02247191011235955
866,Cá Chuột Mỹ - Clown Loach,2025-01-01,2025,1,1,0.0059853190287972894,0.04285604370239286,0.03087042820271378,0.0059853190287972894,0.14606741573033707,True,0.13876404494382022
866,Cá Chuột Mỹ - Clown Loach,2025-01-01,2025,1,1,0.0059853190287972894,0.04285604370239286,0.03972216388807974,0.0059853190287972894,0.14606741573033707,True,0.13876404494382022
866,Cá Chuột Mỹ - Clown Loach,2025-01-01,2025,1,1,0.0059853190287972894,0.04285604370239286,0.03677158532629109,0.0059853190287972894,0.14606741573033707,True,0.13876404494382022
867,Cá Chuột Sao  - Cory Sterbai,2025-01-01,2025,1,1,0.006211180124223602,0.018894470152452766,0.01822509150933384,0.006211180124223602,0.056179775280898875,True,0.05337078651685393
867,Cá Chuột Sao  - Cory Sterbai,2025-01-01,2025,1,1,0.006211180124223602,0.018894470152452766,0.019534787095433905,0.006211180124223602,0.056179775280898875,True,0.05337078651685393
867,Cá Chuột Sao  - Cory Sterbai,2025-01-01,2025,1,1,0.006211180124223602,0.018894470152452766,0.011676613578833513,0.006211180124223602,0.056179775280898875,True,0.05337078651685393
868,Cá Chuột Trân Châu - Cory Juli,2025-01-01,2025,1,1,0.009937888198757764,0.02977610217742556,0.02454775985602381,0.009937888198757764,0.056179775280898875,True,0.05337078651685393
868,Cá Chuột Trân Châu - Cory Juli,2025-01-01,2025,1,1,0.009937888198757764,0.02977610217742556,0.02146545903701245,0.009937888198757764,0.056179775280898875,True,0.05337078651685393
868,Cá Chuột Trân Châu - Cory Juli,2025-01-01,2025,1,1,0.009937888198757764,0.02977610217742556,0.01530085739898973,0.009937888198757764,0.056179775280898875,True,0.05337078651685393
869,Cá Chuột Muối Tiêu - Corydoras Peppered,2025-01-01,2025,1,1,0.04991530208921513,0.16607129117708483,0.06821933336494668,0.04991530208921513,0.0651685393258427,False,0.0651685393258427
869,Cá Chuột Muối Tiêu - Corydoras Peppered,2025-01-01,2025,1,1,0.04991530208921513,0.16607129117708483,0.10238432339545356,0.04991530208921513,0.0651685393258427,False,0.0651685393258427
869,Cá Chuột Muối Tiêu - Corydoras Peppered,2025-01-01,2025,1,1,0.04991530208921513,0.16607129117708483,0.10238432339545356,0.04991530208921513,0.0651685393258427,False,0.0651685393258427
870,Cá Chuột Panda  - Panda Corydoras,2025-01-01,2025,1,1,0.005194805194805195,0.023466953912441333,0.020174580916229916,0.005194805194805195,0.08764044943820225,True,0.08325842696629213
870,Cá Chuột Panda  - Panda Corydoras,2025-01-01,2025,1,1,0.005194805194805195,0.023466953912441333,0.018551762707246157,0.005194805194805195,0.08764044943820225,True,0.08325842696629213
870,Cá Chuột Panda  - Panda Corydoras,2025-01-01,2025,1,1,0.005194805194805195,0.023466953912441333,0.022608808229705554,0.005194805194805195,0.08764044943820225,True,0.08325842696629213
872,Cá Chuột Venezuela - Venezuela Corydoras,2025-01-01,2025,1,1,0.036250705815923205,0.1778322470020554,0.08524537598424753,0.036250705815923205,0.10112359550561797,False,0.10112359550561797
872,Cá Chuột Venezuela - Venezuela Corydoras,2025-01-01,2025,1,1,0.036250705815923205,0.1778322470020554,0.07305165845848831,0.036250705815923205,0.10112359550561797,False,0.10112359550561797
872,Cá Chuột Venezuela - Venezuela Corydoras,2025-01-01,2025,1,1,0.036250705815923205,0.1778322470020554,0.06085794093272907,0.036250705815923205,0.10112359550561797,False,0.10112359550561797
875,Chuột Botia Kubotai - Botia Kubotai,2025-01-01,2025,1,1,0.043139469226425746,0.3806262983765484,0.24765891913984614,0.043139469226425746,0.19101123595505617,False,0.19101123595505617
875,Chuột Botia Kubotai - Botia Kubotai,2025-01-01,2025,1,1,0.043139469226425746,0.3806262983765484,0.3389424433951826,0.043139469226425746,0.19101123595505617,False,0.19101123595505617
875,Chuột Botia Kubotai - Botia Kubotai,2025-01-01,2025,1,1,0.043139469226425746,0.3806262983765484,0.3259019399301345,0.043139469226425746,0.19101123595505617,False,0.19101123595505617
878,Cá Chuột Adolfoi - Adolfoi Corydoras,2025-01-01,2025,1,1,0.008018068887634107,0.16244408050209388,0.06115902037780954,0.008018068887634107,0.4382022471910112,True,0.4162921348314606
878,Cá Chuột Adolfoi - Adolfoi Corydoras,2025-01-01,2025,1,1,0.008018068887634107,0.16244408050209388,0.09457883878174225,0.008018068887634107,0.4382022471910112,True,0.4162921348314606
878,Cá Chuột Adolfoi - Adolfoi Corydoras,2025-01-01,2025,1,1,0.008018068887634107,0.16244408050209388,0.15584850585561888,0.008018068887634107,0.4382022471910112,True,0.4162921348314606
879,Cá Chuột  Barbatus - Barbatus Corydoras,2025-01-01,2025,1,1,0.02416713721061547,0.5722089713010695,0.4898961501724056,0.02416713721061547,0.5280898876404494,False,0.5280898876404494
879,Cá Chuột  Barbatus - Barbatus Corydoras,2025-01-01,2025,1,1,0.02416713721061547,0.5722089713010695,0.43109533454818894,0.02416713721061547,0.5280898876404494,False,0.5280898876404494
879,Cá Chuột  Barbatus - Barbatus Corydoras,2025-01-01,2025,1,1,0.02416713721061547,0.5722089713010695,0.31349370329975546,0.02416713721061547,0.5280898876404494,False,0.5280898876404494
880,Cá Chuột Elegant - Elegant Corydoras,2025-01-01,2025,1,1,0.019198193111236588,0.4751536068763121,0.4556483632945017,0.019198193111236588,0.5505617977528089,False,0.5505617977528089
880,Cá Chuột Elegant - Elegant Corydoras,2025-01-01,2025,1,1,0.019198193111236588,0.4751536068763121,0.4230941482951753,0.019198193111236588,0.5505617977528089,False,0.5505617977528089
880,Cá Chuột Elegant - Elegant Corydoras,2025-01-01,2025,1,1,0.019198193111236588,0.4751536068763121,0.39053993329584896,0.019198193111236588,0.5505617977528089,False,0.5505617977528089
881,Cá Phượng Hoàng Panduro,2025-01-01,2025,1,1,0.021118012422360246,0.08330493850229173,0.02849190058657803,0.021118012422360246,0.07865168539325842,True,0.0747191011235955
881,Cá Phượng Hoàng Panduro,2025-01-01,2025,1,1,0.021118012422360246,0.08330493850229173,0.08569699515186824,0.021118012422360246,0.07865168539325842,True,0.0747191011235955
881,Cá Phượng Hoàng Panduro,2025-01-01,2025,1,1,0.021118012422360246,0.08330493850229173,0.03993291949963607,0.021118012422360246,0.07865168539325842,True,0.0747191011235955
882,Cá Phượng Hoàng Peru Vàng,2025-01-01,2025,1,1,0.000564652738565782,0.0032864727024917834,0.0012141028622870147,0.000564652738565782,0.07865168539325842,True,0.0747191011235955
882,Cá Phượng Hoàng Peru Vàng,2025-01-01,2025,1,1,0.000564652738565782,0.0032864727024917834,0.0019366935304801543,0.000564652738565782,0.07865168539325842,True,0.0747191011235955
882,Cá Phượng Hoàng Peru Vàng,2025-01-01,2025,1,1,0.000564652738565782,0.0032864727024917834,0.0015753981963835847,0.000564652738565782,0.07865168539325842,True,0.0747191011235955
883,Cá Phượng Hoàng Acara - Blue Acara Cichlid,2025-01-01,2025,1,1,0.0002258610954263128,0.001967487002495081,0.0013947505293352995,0.0002258610954263128,0.07865168539325842,True,0.0747191011235955
883,Cá Phượng Hoàng Acara - Blue Acara Cichlid,2025-01-01,2025,1,1,0.0002258610954263128,0.001967487002495081,0.0009431313617145874,0.0002258610954263128,0.07865168539325842,True,0.0747191011235955
883,Cá Phượng Hoàng Acara - Blue Acara Cichlid,2025-01-01,2025,1,1,0.0002258610954263128,0.001967487002495081,0.0016205601131456557,0.0002258610954263128,0.07865168539325842,True,0.0747191011235955
884,Cá Phượng Hoàng Lam Lùn - Baloon German Ram,2025-01-01,2025,1,1,0.0023715415019762843,0.01137625166247156,0.005055876581513873,0.0023715415019762843,0.08764044943820225,True,0.08325842696629213
884,Cá Phượng Hoàng Lam Lùn - Baloon German Ram,2025-01-01,2025,1,1,0.0023715415019762843,0.01137625166247156,0.01022239985909482,0.0023715415019762843,0.08764044943820225,True,0.08325842696629213
884,Cá Phượng Hoàng Lam Lùn - Baloon German Ram,2025-01-01,2025,1,1,0.0023715415019762843,0.01137625166247156,0.00783785065405746,0.0023715415019762843,0.08764044943820225,True,0.08325842696629213
887,Cá Phượng Hoàng Peru Đỏ - Apistogramma Agassizii Red,2025-01-01,2025,1,1,0.0015810276679841897,0.005374866727486562,0.004687806959902992,0.0015810276679841897,0.056179775280898875,True,0.05337078651685393
887,Cá Phượng Hoàng Peru Đỏ - Apistogramma Agassizii Red,2025-01-01,2025,1,1,0.0015810276679841897,0.005374866727486562,0.0029603636437537683,0.0015810276679841897,0.056179775280898875,True,0.05337078651685393
887,Cá Phượng Hoàng Peru Đỏ - Apistogramma Agassizii Red,2025-01-01,2025,1,1,0.0015810276679841897,0.005374866727486562,0.0025764873512761632,0.0015810276679841897,0.056179775280898875,True,0.05337078651685393
888,Cá Phượng Hoàng Vàng - German  Gold Ram Balloon,2025-01-01,2025,1,1,0.005081874647092038,0.02614889150243463,0.020663835014485685,0.005081874647092038,0.10112359550561797,True,0.09606741573033707
888,Cá Phượng Hoàng Vàng - German  Gold Ram Balloon,2025-01-01,2025,1,1,0.005081874647092038,0.02614889150243463,0.015244405003037143,0.005081874647092038,0.10112359550561797,True,0.09606741573033707
888,Cá Phượng Hoàng Vàng - German  Gold Ram Balloon,2025-01-01,2025,1,1,0.005081874647092038,0.02614889150243463,0.015244405003037143,0.005081874647092038,0.10112359550561797,True,0.09606741573033707
890,Ali Thái - Strawberry Peacock,2025-01-01,2025,1,1,0.037267080745341616,0.21938029655195154,0.13523961783986035,0.037267080745341616,0.12359550561797752,False,0.12359550561797752
890,Ali Thái - Strawberry Peacock,2025-01-01,2025,1,1,0.037267080745341616,0.21938029655195154,0.08260340385366637,0.037267080745341616,0.12359550561797752,False,0.12359550561797752
890,Ali Thái - Strawberry Peacock,2025-01-01,2025,1,1,0.037267080745341616,0.21938029655195154,0.21043420924870898,0.037267080745341616,0.12359550561797752,False,0.12359550561797752
891,Ali Thái - Ob Peacock Mixed,2025-01-01,2025,1,1,0.035121400338791645,0.20684993240198288,0.12751693007354617,0.035121400338791645,0.12359550561797752,False,0.12359550561797752
891,Ali Thái - Ob Peacock Mixed,2025-01-01,2025,1,1,0.035121400338791645,0.20684993240198288,0.21260198125328836,0.035121400338791645,0.12359550561797752,False,0.12359550561797752
891,Ali Thái - Ob Peacock Mixed,2025-01-01,2025,1,1,0.035121400338791645,0.20684993240198288,0.1629690347317721,0.035121400338791645,0.12359550561797752,False,0.12359550561797752
892,Ali Thái - Pseudotropheus Red Zebra,2025-01-01,2025,1,1,0.01693958215697346,0.08385451587729036,0.0689870859499019,0.01693958215697346,0.10112359550561797,True,0.09606741573033707
892,Ali Thái - Pseudotropheus Red Zebra,2025-01-01,2025,1,1,0.01693958215697346,0.08385451587729036,0.07186615814348393,0.01693958215697346,0.10112359550561797,True,0.09606741573033707
892,Ali Thái - Pseudotropheus Red Zebra,2025-01-01,2025,1,1,0.01693958215697346,0.08385451587729036,0.028680075239753328,0.01693958215697346,0.10112359550561797,True,0.09606741573033707
893,Ali Thái - Pseudotropheus Ice Blue,2025-01-01,2025,1,1,0.0458498023715415,0.22454632387693862,0.16920890623106494,0.0458498023715415,0.10112359550561797,False,0.10112359550561797
893,Ali Thái - Pseudotropheus Ice Blue,2025-01-01,2025,1,1,0.0458498023715415,0.22454632387693862,0.09224547308236856,0.0458498023715415,0.10112359550561797,False,0.10112359550561797
893,Ali Thái - Pseudotropheus Ice Blue,2025-01-01,2025,1,1,0.0458498023715415,0.22454632387693862,0.16920890623106494,0.0458498023715415,0.10112359550561797,False,0.10112359550561797
894,Ali Thái - Pink Peacock,2025-01-01,2025,1,1,0.011405985319028799,0.05692522450235769,0.05664282870160242,0.011405985319028799,0.10112359550561797,True,0.09606741573033707
894,Ali Thái - Pink Peacock,2025-01-01,2025,1,1,0.011405985319028799,0.05692522450235769,0.05664282870160242,0.011405985319028799,0.10112359550561797,True,0.09606741573033707
894,Ali Thái - Pink Peacock,2025-01-01,2025,1,1,0.011405985319028799,0.05692522450235769,0.0449007303434639,0.011405985319028799,0.10112359550561797,True,0.09606741573033707
895,Ali Thái - Mix Peacock + Zebra,2025-01-01,2025,1,1,0.018407679277244494,0.09099902175227251,0.04986854118729174,0.018407679277244494,0.10112359550561797,True,0.09606741573033707
895,Ali Thái - Mix Peacock + Zebra,2025-01-01,2025,1,1,0.018407679277244494,0.09099902175227251,0.07798183437168107,0.018407679277244494,0.10112359550561797,True,0.09606741573033707
895,Ali Thái - Mix Peacock + Zebra,2025-01-01,2025,1,1,0.018407679277244494,0.09099902175227251,0.04049744345916196,0.018407679277244494,0.10112359550561797,True,0.09606741573033707
896,Ali Thái - Mix Aulonacara,2025-01-01,2025,1,1,0.025296442687747035,0.12452324162718868,0.05969125808304224,0.025296442687747035,0.10112359550561797,True,0.09606741573033707
896,Ali Thái - Mix Aulonacara,2025-01-01,2025,1,1,0.025296442687747035,0.12452324162718868,0.12376472748923077,0.025296442687747035,0.10112359550561797,True,0.09606741573033707
896,Ali Thái - Mix Aulonacara,2025-01-01,2025,1,1,0.025296442687747035,0.12452324162718868,0.07250595196427995,0.025296442687747035,0.10112359550561797,True,0.09606741573033707
897,Ali Thái - Pseudotropheus Auratus,2025-01-01,2025,1,1,0.009373235460191982,0.04703283175238242,0.025782185580853757,0.009373235460191982,0.10112359550561797,True,0.09606741573033707
897,Ali Thái - Pseudotropheus Auratus,2025-01-01,2025,1,1,0.009373235460191982,0.04703283175238242,0.04520180978854438,0.009373235460191982,0.10112359550561797,True,0.09606741573033707
897,Ali Thái - Pseudotropheus Auratus,2025-01-01,2025,1,1,0.009373235460191982,0.04703283175238242,0.03387369566739151,0.009373235460191982,0.10112359550561797,True,0.09606741573033707
898,Ali Thái - Red Empress,2025-01-01,2025,1,1,0.0015810276679841897,0.00911199287747722,0.005327600780699001,0.0015810276679841897,0.10112359550561797,True,0.09606741573033707
898,Ali Thái - Red Empress,2025-01-01,2025,1,1,0.0015810276679841897,0.00911199287747722,0.007246982243087028,0.0015810276679841897,0.10112359550561797,True,0.09606741573033707
898,Ali Thái - Red Empress,2025-01-01,2025,1,1,0.0015810276679841897,0.00911199287747722,0.004687806959902992,0.0015810276679841897,0.10112359550561797,True,0.09606741573033707
899,Ali Thái - Nimbochromis Venustus,2025-01-01,2025,1,1,0.010841332580463017,0.054177337627364555,0.04832550903125431,0.010841332580463017,0.10112359550561797,True,0.09606741573033707
899,Ali Thái - Nimbochromis Venustus,2025-01-01,2025,1,1,0.010841332580463017,0.054177337627364555,0.02224450210115818,0.010841332580463017,0.10112359550561797,True,0.09606741573033707
899,Ali Thái - Nimbochromis Venustus,2025-01-01,2025,1,1,0.010841332580463017,0.054177337627364555,0.05577722529699605,0.010841332580463017,0.10112359550561797,True,0.09606741573033707
900,Ali Thái -  Ob Peacock Cichlid,2025-01-01,2025,1,1,0.020553359683794466,0.1014409918772464,0.041664126308848796,0.020553359683794466,0.10112359550561797,True,0.09606741573033707
900,Ali Thái -  Ob Peacock Cichlid,2025-01-01,2025,1,1,0.020553359683794466,0.1014409918772464,0.03818289522510581,0.020553359683794466,0.10112359550561797,True,0.09606741573033707
900,Ali Thái -  Ob Peacock Cichlid,2025-01-01,2025,1,1,0.020553359683794466,0.1014409918772464,0.09736382364873666,0.020553359683794466,0.10112359550561797,True,0.09606741573033707
901,Ali Thái - Kadango Cichlid,2025-01-01,2025,1,1,0.009937888198757764,0.04978071862737555,0.03242475083794173,0.009937888198757764,0.10112359550561797,True,0.09606741573033707
901,Ali Thái - Kadango Cichlid,2025-01-01,2025,1,1,0.009937888198757764,0.04978071862737555,0.02215041477457053,0.009937888198757764,0.10112359550561797,True,0.09606741573033707
901,Ali Thái - Kadango Cichlid,2025-01-01,2025,1,1,0.009937888198757764,0.04978071862737555,0.03242475083794173,0.009937888198757764,0.10112359550561797,True,0.09606741573033707
902,Ali Thái - Freiberg'S Peacock Cichlid,2025-01-01,2025,1,1,0.02947487295313382,0.14485760450213786,0.12408462439962878,0.02947487295313382,0.10112359550561797,True,0.09606741573033707
902,Ali Thái - Freiberg'S Peacock Cichlid,2025-01-01,2025,1,1,0.02947487295313382,0.14485760450213786,0.06447089427369478,0.02947487295313382,0.10112359550561797,True,0.09606741573033707
902,Ali Thái - Freiberg'S Peacock Cichlid,2025-01-01,2025,1,1,0.02947487295313382,0.14485760450213786,0.06447089427369478,0.02947487295313382,0.10112359550561797,True,0.09606741573033707
903,Ali Thái - Aulonocara Peacock (Red),2025-01-01,2025,1,1,0.02224731789949181,0.10968465250222578,0.04881476312951007,0.02224731789949181,0.10112359550561797,True,0.09606741573033707
903,Ali Thái - Aulonocara Peacock (Red),2025-01-01,2025,1,1,0.02224731789949181,0.10968465250222578,0.10150366601859317,0.02224731789949181,0.10112359550561797,True,0.09606741573033707
903,Ali Thái - Aulonocara Peacock (Red),2025-01-01,2025,1,1,0.02224731789949181,0.10968465250222578,0.06763222844703976,0.02224731789949181,0.10112359550561797,True,0.09606741573033707
904,Ali Thái - Haplochromis Moorii,2025-01-01,2025,1,1,0.013212874082439301,0.0657184625023357,0.03827698255169346,0.013212874082439301,0.10112359550561797,True,0.09606741573033707
904,Ali Thái - Haplochromis Moorii,2025-01-01,2025,1,1,0.013212874082439301,0.0657184625023357,0.06085794093272907,0.013212874082439301,0.10112359550561797,True,0.09606741573033707
904,Ali Thái - Haplochromis Moorii,2025-01-01,2025,1,1,0.013212874082439301,0.0657184625023357,0.058599845094625506,0.013212874082439301,0.10112359550561797,True,0.09606741573033707
905,Ali Thái - Taiwan Reep,2025-01-01,2025,1,1,0.013212874082439301,0.0657184625023357,0.029244599199279218,0.013212874082439301,0.10112359550561797,True,0.09606741573033707
905,Ali Thái - Taiwan Reep,2025-01-01,2025,1,1,0.013212874082439301,0.0657184625023357,0.058599845094625506,0.013212874082439301,0.10112359550561797,True,0.09606741573033707
905,Ali Thái - Taiwan Reep,2025-01-01,2025,1,1,0.013212874082439301,0.0657184625023357,0.036018886713589895,0.013212874082439301,0.10112359550561797,True,0.09606741573033707
906,Ali Thái - Haplochromis Johnstoni,2025-01-01,2025,1,1,0.0044042913608131,0.022851427252442873,0.009373355823967882,0.0044042913608131,0.10112359550561797,True,0.09606741573033707
906,Ali Thái - Haplochromis Johnstoni,2025-01-01,2025,1,1,0.0044042913608131,0.022851427252442873,0.011744356453976621,0.0044042913608131,0.10112359550561797,True,0.09606741573033707
906,Ali Thái - Haplochromis Johnstoni,2025-01-01,2025,1,1,0.0044042913608131,0.022851427252442873,0.010163689367304128,0.0044042913608131,0.10112359550561797,True,0.09606741573033707
907,Ali Thái - Aulonocara Peacock (Yellow),2025-01-01,2025,1,1,0.0003387916431394692,0.0030666417524923334,0.0020345443501313086,0.0003387916431394692,0.10112359550561797,True,0.09606741573033707
907,Ali Thái - Aulonocara Peacock (Yellow),2025-01-01,2025,1,1,0.0003387916431394692,0.0030666417524923334,0.0022603539339416646,0.0003387916431394692,0.10112359550561797,True,0.09606741573033707
907,Ali Thái - Aulonocara Peacock (Yellow),2025-01-01,2025,1,1,0.0003387916431394692,0.0030666417524923334,0.0023732587258468428,0.0003387916431394692,0.10112359550561797,True,0.09606741573033707
908,Ali Thái - Aulonocara Nyassae,2025-01-01,2025,1,1,0.0027103331451157537,0.014607766627463482,0.012083070829692155,0.0027103331451157537,0.10112359550561797,True,0.09606741573033707
908,Ali Thái - Aulonocara Nyassae,2025-01-01,2025,1,1,0.0027103331451157537,0.014607766627463482,0.013607285520412057,0.0027103331451157537,0.10112359550561797,True,0.09606741573033707
908,Ali Thái - Aulonocara Nyassae,2025-01-01,2025,1,1,0.0027103331451157537,0.014607766627463482,0.011066927702545552,0.0027103331451157537,0.10112359550561797,True,0.09606741573033707
909,Ali Thái - Aulonacara Peacock (Blue),2025-01-01,2025,1,1,0.009486166007905139,0.04758240912738104,0.03590598192168472,0.009486166007905139,0.10112359550561797,True,0.09606741573033707
909,Ali Thái - Aulonacara Peacock (Blue),2025-01-01,2025,1,1,0.009486166007905139,0.04758240912738104,0.026083265025934232,0.009486166007905139,0.10112359550561797,True,0.09606741573033707
909,Ali Thái - Aulonacara Peacock (Blue),2025-01-01,2025,1,1,0.009486166007905139,0.04758240912738104,0.02280902606068407,0.009486166007905139,0.10112359550561797,True,0.09606741573033707
910,Ali Thái - Albino Pseudotropheus Ice Blue,2025-01-01,2025,1,1,0.0002258610954263128,0.002517064377493707,0.001018401222984706,0.0002258610954263128,0.10112359550561797,True,0.09606741573033707
910,Ali Thái - Albino Pseudotropheus Ice Blue,2025-01-01,2025,1,1,0.0002258610954263128,0.002517064377493707,0.001771099835685893,0.0002258610954263128,0.10112359550561797,True,0.09606741573033707
910,Ali Thái - Albino Pseudotropheus Ice Blue,2025-01-01,2025,1,1,0.0002258610954263128,0.002517064377493707,0.002241536468624135,0.0002258610954263128,0.10112359550561797,True,0.09606741573033707
911,Ali Thái - African Prince Cichlid,2025-01-01,2025,1,1,0.052625635234330885,0.2575209663768562,0.1852225692162827,0.052625635234330885,0.10112359550561797,False,0.10112359550561797
911,Ali Thái - African Prince Cichlid,2025-01-01,2025,1,1,0.052625635234330885,0.2575209663768562,0.10579404811098994,0.052625635234330885,0.10112359550561797,False,0.10112359550561797
911,Ali Thái - African Prince Cichlid,2025-01-01,2025,1,1,0.052625635234330885,0.2575209663768562,0.12344483057883279,0.052625635234330885,0.10112359550561797,False,0.10112359550561797
912,Ali Thái -  Pundamilia Nyererei,2025-01-01,2025,1,1,0.04076792772444946,1.0,0.6505973039841091,0.04076792772444946,0.5505617977528089,False,0.5505617977528089
912,Ali Thái -  Pundamilia Nyererei,2025-01-01,2025,1,1,0.04076792772444946,1.0,0.7875884514957251,0.04076792772444946,0.5505617977528089,False,0.5505617977528089
912,Ali Thái -  Pundamilia Nyererei,2025-01-01,2025,1,1,0.04076792772444946,1.0,0.9245795990073411,0.04076792772444946,0.5505617977528089,False,0.5505617977528089
915,Cá Mún Đen - Platy Black,2025-01-01,2025,1,1,0.0,0.0,3.951667716681231e-05,0.0,0.004494382022471911,True,0.004269662921348316
915,Cá Mún Đen - Platy Black,2025-01-01,2025,1,1,0.0,0.0,0.0,0.0,0.004494382022471911,True,0.004269662921348316
915,Cá Mún Đen - Platy Black,2025-01-01,2025,1,1,0.0,0.0,3.951667716681231e-05,0.0,0.004494382022471911,True,0.004269662921348316
916,Cá Mún Hạt Lựu - Platy Red Coral,2025-01-01,2025,1,1,0.019988706945228682,0.009661570252475847,0.007002355193959142,0.019988706945228682,0.0,True,0.0
916,Cá Mún Hạt Lựu - Platy Red Coral,2025-01-01,2025,1,1,0.019988706945228682,0.009661570252475847,0.004970068939665937,0.019988706945228682,0.0,True,0.0
916,Cá Mún Hạt Lựu - Platy Red Coral,2025-01-01,2025,1,1,0.019988706945228682,0.009661570252475847,0.0046313545639504045,0.019988706945228682,0.0,True,0.0
917,Cá Mún Lửa - Platy Apple Tricolor,2025-01-01,2025,1,1,0.05036702428006776,0.02938040646742655,0.01712539883617741,0.05036702428006776,0.002247191011235954,False,0.002247191011235954
917,Cá Mún Lửa - Platy Apple Tricolor,2025-01-01,2025,1,1,0.05036702428006776,0.02938040646742655,0.02929201921187939,0.05036702428006776,0.002247191011235954,False,0.002247191011235954
917,Cá Mún Lửa - Platy Apple Tricolor,2025-01-01,2025,1,1,0.05036702428006776,0.02938040646742655,0.0252364790866454,0.05036702428006776,0.002247191011235954,False,0.002247191011235954
918,Cá Mún Mickey Đỏ  - Platy Mickey Red,2025-01-01,2025,1,1,0.05386787125917561,0.03142483430242144,0.018315415342857987,0.05386787125917561,0.002247191011235954,False,0.002247191011235954
918,Cá Mún Mickey Đỏ  - Platy Mickey Red,2025-01-01,2025,1,1,0.05386787125917561,0.03142483430242144,0.02156707334972711,0.05386787125917561,0.002247191011235954,False,0.002247191011235954
918,Cá Mún Mickey Đỏ  - Platy Mickey Red,2025-01-01,2025,1,1,0.05386787125917561,0.03142483430242144,0.028070389363465367,0.05386787125917561,0.002247191011235954,False,0.002247191011235954
919,Cá Mún Mickey Đỏ Trắng - Platy Mickey Red White,2025-01-01,2025,1,1,0.046753246753246755,0.027270029347431824,0.026254880309630108,0.046753246753246755,0.002247191011235954,False,0.002247191011235954
919,Cá Mún Mickey Đỏ Trắng - Platy Mickey Red White,2025-01-01,2025,1,1,0.046753246753246755,0.027270029347431824,0.023430002416162547,0.046753246753246755,0.002247191011235954,False,0.002247191011235954
919,Cá Mún Mickey Đỏ Trắng - Platy Mickey Red White,2025-01-01,2025,1,1,0.046753246753246755,0.027270029347431824,0.02719650627411929,0.046753246753246755,0.002247191011235954,False,0.002247191011235954
921,Cá Mún Mix Màu - Platy Mix,2025-01-01,2025,1,1,0.042348955392433656,0.024698007232438254,0.019521238520405285,0.042348955392433656,0.002247191011235954,False,0.002247191011235954
921,Cá Mún Mix Màu - Platy Mix,2025-01-01,2025,1,1,0.042348955392433656,0.024698007232438254,0.0161069976131927,0.042348955392433656,0.002247191011235954,False,0.002247191011235954
921,Cá Mún Mix Màu - Platy Mix,2025-01-01,2025,1,1,0.042348955392433656,0.024698007232438254,0.011839196479176972,0.042348955392433656,0.002247191011235954,False,0.002247191011235954
924,Cá Mún Panda - Platy Panda,2025-01-01,2025,1,1,0.02699040090344438,0.015728904472460677,0.005900404424964605,0.02699040090344438,0.002247191011235954,True,0.002134831460674156
924,Cá Mún Panda - Platy Panda,2025-01-01,2025,1,1,0.02699040090344438,0.015728904472460677,0.01409729231728053,0.02699040090344438,0.002247191011235954,True,0.002134831460674156
924,Cá Mún Panda - Platy Panda,2025-01-01,2025,1,1,0.02699040090344438,0.015728904472460677,0.005900404424964605,0.02699040090344438,0.002247191011235954,True,0.002134831460674156
927,Mún Đỏ Trắng Cờ Cao,2025-01-01,2025,1,1,0.004630152456239413,0.023950582002440123,0.018932628205272955,0.004630152456239413,0.10112359550561797,True,0.09606741573033707
927,Mún Đỏ Trắng Cờ Cao,2025-01-01,2025,1,1,0.004630152456239413,0.023950582002440123,0.021416533627186873,0.004630152456239413,0.10112359550561797,True,0.09606741573033707
927,Mún Đỏ Trắng Cờ Cao,2025-01-01,2025,1,1,0.004630152456239413,0.023950582002440123,0.01810465973130165,0.004630152456239413,0.10112359550561797,True,0.09606741573033707
928,Mún Đỏ Trắng Vây Dài -  Carolina Platy Longfin,2025-01-01,2025,1,1,0.014568040654997177,0.04329570560239176,0.026715531860603228,0.014568040654997177,0.056179775280898875,True,0.05337078651685393
928,Mún Đỏ Trắng Vây Dài -  Carolina Platy Longfin,2025-01-01,2025,1,1,0.014568040654997177,0.04329570560239176,0.01777347234171313,0.014568040654997177,0.056179775280898875,True,0.05337078651685393
928,Mún Đỏ Trắng Vây Dài -  Carolina Platy Longfin,2025-01-01,2025,1,1,0.014568040654997177,0.04329570560239176,0.02969621836689993,0.014568040654997177,0.056179775280898875,True,0.05337078651685393
929,Mún Hạt Lựu Cờ Cao - Platy,2025-01-01,2025,1,1,0.024280067758328628,0.1315578320271711,0.08111306060051801,0.024280067758328628,0.11235955056179775,True,0.10674157303370786
929,Mún Hạt Lựu Cờ Cao - Platy,2025-01-01,2025,1,1,0.024280067758328628,0.1315578320271711,0.08562548878366164,0.024280067758328628,0.11235955056179775,True,0.10674157303370786
929,Mún Hạt Lựu Cờ Cao - Platy,2025-01-01,2025,1,1,0.024280067758328628,0.1315578320271711,0.10818762969937971,0.024280067758328628,0.11235955056179775,True,0.10674157303370786
930,Mún Kim Tuyền Cờ Cao - Platy,2025-01-01,2025,1,1,0.022811970638057594,0.06736719462733158,0.06701125209156127,0.022811970638057594,0.056179775280898875,True,0.05337078651685393
930,Mún Kim Tuyền Cờ Cao - Platy,2025-01-01,2025,1,1,0.022811970638057594,0.06736719462733158,0.027663932112606725,0.022811970638057594,0.056179775280898875,True,0.05337078651685393
930,Mún Kim Tuyền Cờ Cao - Platy,2025-01-01,2025,1,1,0.022811970638057594,0.06736719462733158,0.06238215562344897,0.022811970638057594,0.056179775280898875,True,0.05337078651685393
931,Cá Betta Crowntail Fish,2025-01-01,2025,1,1,0.025974025974025972,0.15343101155211641,0.11037798266234017,0.025974025974025972,0.12359550561797752,True,0.11741573033707864
931,Cá Betta Crowntail Fish,2025-01-01,2025,1,1,0.025974025974025972,0.15343101155211641,0.09985525605677757,0.025974025974025972,0.12359550561797752,True,0.11741573033707864
931,Cá Betta Crowntail Fish,2025-01-01,2025,1,1,0.025974025974025972,0.15343101155211641,0.09985525605677757,0.025974025974025972,0.12359550561797752,True,0.11741573033707864
932,Cá Betta Dragon Black,2025-01-01,2025,1,1,0.02044042913608131,0.16156475670209608,0.12176631267250912,0.02044042913608131,0.16853932584269662,True,0.16011235955056177
932,Cá Betta Dragon Black,2025-01-01,2025,1,1,0.02044042913608131,0.16156475670209608,0.16054534519887426,0.02044042913608131,0.16853932584269662,True,0.16011235955056177
932,Cá Betta Dragon Black,2025-01-01,2025,1,1,0.02044042913608131,0.16156475670209608,0.12176631267250912,0.02044042913608131,0.16853932584269662,True,0.16011235955056177
933,Cá Betta Dragon Red,2025-01-01,2025,1,1,0.04901185770750988,0.3840336781015399,0.3682901623044019,0.04901185770750988,0.16853932584269662,False,0.16853932584269662
933,Cá Betta Dragon Red,2025-01-01,2025,1,1,0.04901185770750988,0.3840336781015399,0.2630327883042679,0.04901185770750988,0.16853932584269662,False,0.16853932584269662
933,Cá Betta Dragon Red,2025-01-01,2025,1,1,0.04901185770750988,0.3840336781015399,0.22356127305421764,0.04901185770750988,0.16853932584269662,False,0.16853932584269662
934,Cá Betta Dragon Yellow,2025-01-01,2025,1,1,0.030717108977978542,0.24158322250189604,0.24827989549532462,0.030717108977978542,0.16853932584269662,False,0.16853932584269662
934,Cá Betta Dragon Yellow,2025-01-01,2025,1,1,0.030717108977978542,0.24158322250189604,0.1406439938790549,0.030717108977978542,0.16853932584269662,False,0.16853932584269662
934,Cá Betta Dragon Yellow,2025-01-01,2025,1,1,0.030717108977978542,0.24158322250189604,0.1406439938790549,0.030717108977978542,0.16853932584269662,False,0.16853932584269662
935,Cá Betta Dumbo Halfmoon,2025-01-01,2025,1,1,0.012422360248447206,0.08671231822728322,0.05942781356859681,0.012422360248447206,0.14606741573033707,True,0.13876404494382022
935,Cá Betta Dumbo Halfmoon,2025-01-01,2025,1,1,0.012422360248447206,0.08671231822728322,0.05049704452889723,0.012422360248447206,0.14606741573033707,True,0.13876404494382022
935,Cá Betta Dumbo Halfmoon,2025-01-01,2025,1,1,0.012422360248447206,0.08671231822728322,0.0653816595950632,0.012422360248447206,0.14606741573033707,True,0.13876404494382022
936,Cá Betta Dumbo Pk,2025-01-01,2025,1,1,0.044042913608131,0.3453434309016366,0.28386748590383676,0.044042913608131,0.16853932584269662,False,0.16853932584269662
936,Cá Betta Dumbo Pk,2025-01-01,2025,1,1,0.044042913608131,0.3453434309016366,0.24837021932884876,0.044042913608131,0.16853932584269662,False,0.16853932584269662
936,Cá Betta Dumbo Pk,2025-01-01,2025,1,1,0.044042913608131,0.3453434309016366,0.1773756861788728,0.044042913608131,0.16853932584269662,False,0.16853932584269662
937,Cá Betta Fancy Copper,2025-01-01,2025,1,1,0.030604178430265385,0.6021059805009947,0.5773597289682837,0.030604178430265385,0.4382022471910112,False,0.4382022471910112
937,Cá Betta Fancy Copper,2025-01-01,2025,1,1,0.030604178430265385,0.6021059805009947,0.45361607704020845,0.030604178430265385,0.4382022471910112,False,0.4382022471910112
937,Cá Betta Fancy Copper,2025-01-01,2025,1,1,0.030604178430265385,0.6021059805009947,0.3504963671001458,0.030604178430265385,0.4382022471910112,False,0.4382022471910112
938,Cá Betta Galaxy Mix,2025-01-01,2025,1,1,0.007340485601355166,0.1642027281020895,0.12375343701004025,0.007340485601355166,0.4831460674157303,True,0.45898876404494376
938,Cá Betta Galaxy Mix,2025-01-01,2025,1,1,0.007340485601355166,0.1642027281020895,0.12938362263304512,0.007340485601355166,0.4831460674157303,True,0.45898876404494376
938,Cá Betta Galaxy Mix,2025-01-01,2025,1,1,0.007340485601355166,0.1642027281020895,0.10123269451802075,0.007340485601355166,0.4831460674157303,True,0.45898876404494376
939,Cá Betta Halfmoon,2025-01-01,2025,1,1,0.01072840203274986,0.03747018542740632,0.036033940685843924,0.01072840203274986,0.06741573033707865,True,0.06404494382022471
939,Cá Betta Halfmoon,2025-01-01,2025,1,1,0.01072840203274986,0.03747018542740632,0.02828867196114871,0.01072840203274986,0.06741573033707865,True,0.06404494382022471
939,Cá Betta Halfmoon,2025-01-01,2025,1,1,0.01072840203274986,0.03747018542740632,0.03087042820271378,0.01072840203274986,0.06741573033707865,True,0.06404494382022471
940,Cá Betta Marbled,2025-01-01,2025,1,1,0.03365330321852061,0.8268831268754328,0.5946153446644583,0.03365330321852061,0.5505617977528089,False,0.5505617977528089
940,Cá Betta Marbled,2025-01-01,2025,1,1,0.03365330321852061,0.8268831268754328,0.707896485875987,0.03365330321852061,0.5505617977528089,False,0.5505617977528089
940,Cá Betta Marbled,2025-01-01,2025,1,1,0.03365330321852061,0.8268831268754328,0.7645370564817512,0.03365330321852061,0.5505617977528089,False,0.5505617977528089
941,Cá Betta Super Black,2025-01-01,2025,1,1,0.05386787125917561,0.42184460150144537,0.3611846874005027,0.05386787125917561,0.16853932584269662,False,0.16853932584269662
941,Cá Betta Super Black,2025-01-01,2025,1,1,0.05386787125917561,0.42184460150144537,0.2889256205811887,0.05386787125917561,0.16853932584269662,False,0.16853932584269662
941,Cá Betta Super Black,2025-01-01,2025,1,1,0.05386787125917561,0.42184460150144537,0.21666655376187477,0.05386787125917561,0.16853932584269662,False,0.16853932584269662
942,Cá Betta Super Blue,2025-01-01,2025,1,1,0.03579898362507058,0.42184460150144537,0.4045401274920911,0.03579898362507058,0.2584269662921348,False,0.2584269662921348
942,Cá Betta Super Blue,2025-01-01,2025,1,1,0.03579898362507058,0.42184460150144537,0.3611846874005027,0.03579898362507058,0.2584269662921348,False,0.2584269662921348
942,Cá Betta Super Blue,2025-01-01,2025,1,1,0.03579898362507058,0.42184460150144537,0.1733111136702864,0.03579898362507058,0.2584269662921348,False,0.2584269662921348
943,Cá Betta Super Red,2025-01-01,2025,1,1,0.05093167701863354,0.3989821827015025,0.1639174349837756,0.05093167701863354,0.16853932584269662,False,0.16853932584269662
943,Cá Betta Super Red,2025-01-01,2025,1,1,0.05093167701863354,0.3989821827015025,0.38262154389023256,0.05093167701863354,0.16853932584269662,False,0.16853932584269662
943,Cá Betta Super Red,2025-01-01,2025,1,1,0.05093167701863354,0.3989821827015025,0.2185934622103898,0.05093167701863354,0.16853932584269662,False,0.16853932584269662
944,Cá Betta Super Yellow,2025-01-01,2025,1,1,0.036250705815923205,0.42712054430143215,0.21937626876759903,0.036250705815923205,0.2584269662921348,False,0.2584269662921348
944,Cá Betta Super Yellow,2025-01-01,2025,1,1,0.036250705815923205,0.42712054430143215,0.204743807736688,0.036250705815923205,0.2584269662921348,False,0.2584269662921348
944,Cá Betta Super Yellow,2025-01-01,2025,1,1,0.036250705815923205,0.42712054430143215,0.40959826216944306,0.036250705815923205,0.2584269662921348,False,0.2584269662921348
945,Cầu Vồng Parkinsoni ( Full Trống ) - Parkinsoni,2025-01-01,2025,1,1,0.0035008469791078483,0.06330032205234175,0.021642343210997228,0.0035008469791078483,0.3707865168539326,True,0.35224719101123597
945,Cầu Vồng Parkinsoni ( Full Trống ) - Parkinsoni,2025-01-01,2025,1,1,0.0035008469791078483,0.06330032205234175,0.06297302403441941,0.0035008469791078483,0.3707865168539326,True,0.35224719101123597
945,Cầu Vồng Parkinsoni ( Full Trống ) - Parkinsoni,2025-01-01,2025,1,1,0.0035008469791078483,0.06330032205234175,0.03904473513664867,0.0035008469791078483,0.3707865168539326,True,0.35224719101123597
950,Cá Cầu Vồng Xanh - Dwarf Rainbow Fish,2025-01-01,2025,1,1,0.2824392998306042,0.2199518570219501,0.11297479287615926,0.2824392998306042,0.006741573033707864,False,0.006741573033707864
950,Cá Cầu Vồng Xanh - Dwarf Rainbow Fish,2025-01-01,2025,1,1,0.2824392998306042,0.2199518570219501,0.18082605661949505,0.2824392998306042,0.006741573033707864,False,0.006741573033707864
950,Cá Cầu Vồng Xanh - Dwarf Rainbow Fish,2025-01-01,2025,1,1,0.2824392998306042,0.2199518570219501,0.2034431445339403,0.2824392998306042,0.006741573033707864,False,0.006741573033707864
957,Tép Aura,2025-01-01,2025,1,1,0.04268774703557312,0.07514921025731212,0.028280392276408998,0.04268774703557312,0.029213483146067414,False,0.029213483146067414
957,Tép Aura,2025-01-01,2025,1,1,0.04268774703557312,0.07514921025731212,0.041185409991170846,0.04268774703557312,0.029213483146067414,False,0.029213483146067414
957,Tép Aura,2025-01-01,2025,1,1,0.04268774703557312,0.07514921025731212,0.028280392276408998,0.04268774703557312,0.029213483146067414,False,0.029213483146067414
958,Tép Dreamblue,2025-01-01,2025,1,1,0.012309429700734049,0.02192813726244518,0.01809863814240004,0.012309429700734049,0.029213483146067414,True,0.027752808988764043
958,Tép Dreamblue,2025-01-01,2025,1,1,0.012309429700734049,0.02192813726244518,0.02037479874720843,0.012309429700734049,0.029213483146067414,True,0.027752808988764043
958,Tép Dreamblue,2025-01-01,2025,1,1,0.012309429700734049,0.02192813726244518,0.02265095935201682,0.012309429700734049,0.029213483146067414,True,0.027752808988764043
959,Tép Mix Màu,2025-01-01,2025,1,1,0.021456804065499716,0.01037602083997406,0.0075160719971277025,0.021456804065499716,0.0,True,0.0
959,Tép Mix Màu,2025-01-01,2025,1,1,0.021456804065499716,0.01037602083997406,0.0049738324327294435,0.021456804065499716,0.0,True,0.0
959,Tép Mix Màu,2025-01-01,2025,1,1,0.021456804065499716,0.01037602083997406,0.004247478271472798,0.021456804065499716,0.0,True,0.0
960,Tép Ong Đà Nẵng,2025-01-01,2025,1,1,0.006888763410502541,0.00680376790248299,0.003743170200963003,0.006888763410502541,0.011235955056179775,True,0.010674157303370785
960,Tép Ong Đà Nẵng,2025-01-01,2025,1,1,0.006888763410502541,0.00680376790248299,0.005429215093413662,0.006888763410502541,0.011235955056179775,True,0.010674157303370785
960,Tép Ong Đà Nẵng,2025-01-01,2025,1,1,0.006888763410502541,0.00680376790248299,0.004224897313091763,0.006888763410502541,0.011235955056179775,True,0.010674157303370785
961,Tép Red Chery,2025-01-01,2025,1,1,0.021005081874647093,0.01638839732245903,0.012408236630379068,0.021005081874647093,0.006741573033707864,True,0.00640449438202247
961,Tép Red Chery,2025-01-01,2025,1,1,0.021005081874647093,0.01638839732245903,0.012977276781581166,0.021005081874647093,0.006741573033707864,True,0.00640449438202247
961,Tép Red Chery,2025-01-01,2025,1,1,0.021005081874647093,0.01638839732245903,0.012408236630379068,0.021005081874647093,0.006741573033707864,True,0.00640449438202247
962,Tép Rilli Đen,2025-01-01,2025,1,1,0.0220214568040655,0.06505896965233735,0.024480016980880703,0.0220214568040655,0.056179775280898875,True,0.05337078651685393
962,Tép Rilli Đen,2025-01-01,2025,1,1,0.0220214568040655,0.06505896965233735,0.06695479969560869,0.0220214568040655,0.056179775280898875,True,0.05337078651685393
962,Tép Rilli Đen,2025-01-01,2025,1,1,0.0220214568040655,0.06505896965233735,0.0423641360186609,0.0220214568040655,0.056179775280898875,True,0.05337078651685393
963,Tép Rilli Đỏ - Red Rili Shrimp,2025-01-01,2025,1,1,0.020214568040654995,0.015772870662460567,0.009204751334722816,0.020214568040654995,0.006741573033707864,True,0.00640449438202247
963,Tép Rilli Đỏ - Red Rili Shrimp,2025-01-01,2025,1,1,0.020214568040654995,0.015772870662460567,0.011944574284955135,0.020214568040654995,0.006741573033707864,True,0.00640449438202247
963,Tép Rilli Đỏ - Red Rili Shrimp,2025-01-01,2025,1,1,0.020214568040654995,0.015772870662460567,0.014136432645140992,0.020214568040654995,0.006741573033707864,True,0.00640449438202247
964,Tép Rilli Vàng,2025-01-01,2025,1,1,0.03794466403162055,0.029578254322426053,0.020302539680389118,0.03794466403162055,0.006741573033707864,True,0.00640449438202247
964,Tép Rilli Vàng,2025-01-01,2025,1,1,0.03794466403162055,0.029578254322426053,0.028467814230971597,0.03794466403162055,0.006741573033707864,True,0.00640449438202247
964,Tép Rilli Vàng,2025-01-01,2025,1,1,0.03794466403162055,0.029578254322426053,0.027447154912148785,0.03794466403162055,0.006741573033707864,True,0.00640449438202247
965,Tép Socola,2025-01-01,2025,1,1,0.03365330321852061,0.09902285142725244,0.09844394615796284,0.03365330321852061,0.056179775280898875,True,0.05337078651685393
965,Tép Socola,2025-01-01,2025,1,1,0.03365330321852061,0.09902285142725244,0.04746743261277496,0.03365330321852061,0.056179775280898875,True,0.05337078651685393
965,Tép Socola,2025-01-01,2025,1,1,0.03365330321852061,0.09902285142725244,0.095045511921617,0.03365330321852061,0.056179775280898875,True,0.05337078651685393
966,Tép Src Đỏ,2025-01-01,2025,1,1,0.0036137775268210047,0.002846810802492883,0.0015753981963835843,0.0036137775268210047,0.006741573033707864,True,0.00640449438202247
966,Tép Src Đỏ,2025-01-01,2025,1,1,0.0036137775268210047,0.002846810802492883,0.0012592647790490858,0.0036137775268210047,0.006741573033707864,True,0.00640449438202247
966,Tép Src Đỏ,2025-01-01,2025,1,1,0.0036137775268210047,0.002846810802492883,0.0021022872252744154,0.0036137775268210047,0.006741573033707864,True,0.00640449438202247
967,Tép Thanh Mai,2025-01-01,2025,1,1,0.05499717673630717,0.05362776025236593,0.02386280411846573,0.05499717673630717,0.011235955056179775,False,0.011235955056179775
967,Tép Thanh Mai,2025-01-01,2025,1,1,0.05499717673630717,0.05362776025236593,0.02386280411846573,0.05499717673630717,0.011235955056179775,False,0.011235955056179775
967,Tép Thanh Mai,2025-01-01,2025,1,1,0.05499717673630717,0.05362776025236593,0.031239250522937367,0.05499717673630717,0.011235955056179775,False,0.011235955056179775
968,Tép Tiger,2025-01-01,2025,1,1,0.05420666290231507,0.052858351927367854,0.027155860549033423,0.05420666290231507,0.011235955056179775,False,0.011235955056179775
968,Tép Tiger,2025-01-01,2025,1,1,0.05420666290231507,0.052858351927367854,0.03988023059674699,0.05420666290231507,0.011235955056179775,False,0.011235955056179775
968,Tép Tiger,2025-01-01,2025,1,1,0.05420666290231507,0.052858351927367854,0.05442236779413392,0.05420666290231507,0.011235955056179775,False,0.011235955056179775
969,Tép Vàng Cam,2025-01-01,2025,1,1,0.05217391304347826,0.040657734202398356,0.039089897053410746,0.05217391304347826,0.006741573033707864,False,0.006741573033707864
969,Tép Vàng Cam,2025-01-01,2025,1,1,0.05217391304347826,0.040657734202398356,0.015289566919799212,0.05217391304347826,0.006741573033707864,False,0.006741573033707864
969,Tép Vàng Cam,2025-01-01,2025,1,1,0.05217391304347826,0.040657734202398356,0.025089702857168664,0.05217391304347826,0.006741573033707864,False,0.006741573033707864
970,Tép Yamato Vn,2025-01-01,2025,1,1,0.017730095990965554,0.013838358302465404,0.010005622658636878,0.017730095990965554,0.006741573033707864,True,0.00640449438202247
970,Tép Yamato Vn,2025-01-01,2025,1,1,0.017730095990965554,0.013838358302465404,0.00759698709799308,0.017730095990965554,0.006741573033707864,True,0.00640449438202247
970,Tép Yamato Vn,2025-01-01,2025,1,1,0.017730095990965554,0.013838358302465404,0.011450803995023158,0.017730095990965554,0.006741573033707864,True,0.00640449438202247
